{
  "central": {
    "value": 26.15728076501278,
    "wacc": 0.12845
  },
  "cont": {
    "pair": {
      "z_star": 3000,
      "z_star_moved": null,
      "adequately_resolved": false,
      "final_recommendation": 530,
      "refinement_capped": false,
      "z_pct": 3000,
      "z_elbow": 2000,
      "decision_margin_pct": 6.151195937480385,
      "precision_bar": 0.2670138290614886,
      "sigma_estimate": 14.962644475457463,
      "center_mean": 26.679850884077347,
      "borderline": false,
      "batches_used": 40,
      "batches_recommended": 530,
      "scatter": [
        1.6596035357793544,
        0.8562170278126389,
        0.6215700794303876,
        0.5448653744729001,
        0.46246988778975884,
        0.32526409774619364,
        0.2515410464322522,
        0.23305748812748434,
        0.1563885522146946,
        0.10439633638848934
      ],
      "n_grid": [
        100,
        250,
        500,
        1000,
        1500,
        2000,
        3000,
        5000,
        7500,
        10000
      ]
    },
    "production": {
      "n": 3000,
      "mean": 26.972397056646603,
      "median": 25.943732163336882,
      "std": 14.936780578397945,
      "min": -15.823442860423544,
      "max": 100.06836776238572,
      "pct": {
        "5": 4.491476255132584,
        "10": 9.256419000843792,
        "25": 16.83124371232434,
        "50": 25.943732163336882,
        "75": 35.62284246099271,
        "90": 46.86218188098987,
        "95": 53.170611185336874
      }
    },
    "frac_negative_pct": 2.6333333333333333,
    "histogram": "  -15.82 | # 6\n  -10.03 | ## 25\n   -4.23 | ###### 69\n    1.56 | ########### 131\n    7.35 | ####################### 274\n   13.15 | ################################### 410\n   18.94 | ########################################## 485\n   24.74 | ########################################## 490\n   30.53 | ################################## 400\n   36.33 | ##################### 248\n   42.12 | ################# 194\n   47.92 | ########### 127\n   53.71 | ###### 69\n   59.51 | ### 36\n   65.30 | ## 20\n   71.10 |  5\n   76.89 | # 6\n   82.68 |  2\n   88.48 |  2\n   94.27 |  1",
    "benchmark": {
      "z_star": 3000,
      "folk_n": 10000,
      "compute_ratio": 0.3,
      "mean_gap_pct": 0.9278330026032884,
      "z_mean": 26.972397056646603,
      "folk_mean": 26.7244388928383,
      "z_median": 25.943732163336882,
      "folk_median": 25.656374617332833
    },
    "secs": 30.527708530426025
  },
  "shock": {
    "pair": {
      "z_star": 7500,
      "z_star_moved": null,
      "adequately_resolved": true,
      "final_recommendation": 1891,
      "refinement_capped": false,
      "z_pct": 7500,
      "z_elbow": 2000,
      "decision_margin_pct": 3.253790260943605,
      "precision_bar": 0.2346612895062431,
      "sigma_estimate": 16.333042765669457,
      "center_mean": 23.44291817713175,
      "borderline": true,
      "batches_used": 40,
      "batches_recommended": 1891,
      "scatter": [
        1.625871413187211,
        0.9621369596237042,
        0.7955945751239565,
        0.5165505884266212,
        0.45160836961924433,
        0.3341363980693795,
        0.29680336120782796,
        0.26117814331246186,
        0.22726651381339674,
        0.15492689788382577
      ],
      "n_grid": [
        100,
        250,
        500,
        1000,
        1500,
        2000,
        3000,
        5000,
        7500,
        10000
      ]
    },
    "production": {
      "n": 7500,
      "mean": 23.28554833757492,
      "median": 22.954384505664514,
      "std": 16.205925558584546,
      "min": -61.527858482035484,
      "max": 106.12630778989733,
      "pct": {
        "5": -3.026747770893164,
        "10": 3.923186206025217,
        "25": 13.092722682238488,
        "50": 22.954384505664514,
        "75": 33.137533788433544,
        "90": 43.77695243217825,
        "95": 50.74286242232703
      }
    },
    "frac_negative_pct": 6.76,
    "histogram": "  -61.53 |  1\n  -53.15 |  0\n  -44.76 |  4\n  -36.38 |  5\n  -28.00 | # 33\n  -19.61 | ## 86\n  -11.23 | ####### 252\n   -2.85 | ############# 509\n    5.53 | ############################# 1127\n   13.92 | ########################################## 1615\n   22.30 | ########################################## 1610\n   30.68 | ############################## 1140\n   39.06 | ############### 579\n   47.45 | ######## 315\n   55.83 | #### 152\n   64.21 | # 49\n   72.60 |  14\n   80.98 |  6\n   89.36 |  2\n   97.74 |  1",
    "shock_free_pct": 75.36,
    "fires_all": {
      "revenue": 301,
      "margin": 300,
      "funding": 294,
      "strategic": 290,
      "cash": 329
    },
    "fires_worst5": {
      "revenue": 40,
      "margin": 131,
      "funding": 19,
      "strategic": 24,
      "cash": 95
    },
    "mean_stress": 0.153212960475041,
    "max_stress": 3.117983434302749,
    "total_fires": 1514,
    "market_grid": {
      "-5": 3.88,
      "-2": 5.586666666666667,
      "0": 6.76,
      "2": 8.373333333333335,
      "5": 11.533333333333333,
      "8": 15.266666666666667,
      "11": 20.84,
      "15": 29.453333333333333
    },
    "secs": 41.55599594116211
  },
  "seeds": {
    "42": {
      "cont_z": 3000,
      "cont_batches": 530,
      "cont_margin": 6.151195937480385,
      "cont_zpct": 3000,
      "shock_z": 7500,
      "shock_batches": 1891,
      "shock_margin": 3.253790260943605,
      "shock_zpct": 7500
    },
    "99": {
      "cont_z": 3000,
      "cont_batches": 10789,
      "cont_margin": 1.3616088987374688,
      "cont_zpct": 3000,
      "shock_z": 5000,
      "shock_batches": 205,
      "shock_margin": 9.92352755591857,
      "shock_zpct": 5000
    },
    "123": {
      "cont_z": 5000,
      "cont_batches": 32,
      "cont_margin": 25.688606078125748,
      "cont_zpct": 5000,
      "shock_z": 5000,
      "shock_batches": 222,
      "shock_margin": 9.523881781440732,
      "shock_zpct": 5000
    },
    "7": {
      "cont_z": 5000,
      "cont_batches": 19,
      "cont_margin": 34.06282804882521,
      "cont_zpct": 5000,
      "shock_z": 5000,
      "shock_batches": 9,
      "shock_margin": 53.02322567629879,
      "shock_zpct": 5000
    }
  }
}