{
  "central": {
    "value": -2.353044281787309,
    "wacc": 0.125625
  },
  "cont": {
    "pair": {
      "z_star": 1500,
      "z_star_moved": null,
      "adequately_resolved": true,
      "final_recommendation": 40,
      "refinement_capped": false,
      "z_pct": null,
      "z_elbow": 1500,
      "decision_margin_pct": -170.82724162557693,
      "precision_bar": -0.02343822757316506,
      "sigma_estimate": 1.316233530038264,
      "center_mean": -2.3453271213727307,
      "borderline": true,
      "batches_used": 40,
      "batches_recommended": 40,
      "scatter": [
        0.1536894442264709,
        0.06618936648529894,
        0.04939678422146941,
        0.047456935772464355,
        0.033092108396751564,
        0.027910015348440724,
        0.02146159401918649,
        0.02043076850261253,
        0.014611850960243249,
        0.010895863390415397
      ],
      "n_grid": [
        100,
        250,
        500,
        1000,
        1500,
        2000,
        3000,
        5000,
        7500,
        10000
      ]
    },
    "production": {
      "n": 1500,
      "mean": -2.3396155782094312,
      "median": -2.3717739063670176,
      "std": 1.2687683457173096,
      "min": -7.841335750732965,
      "max": 3.4074948272303134,
      "pct": {
        "5": -4.396228025332376,
        "10": -3.8762429805515413,
        "25": -3.159073187261491,
        "50": -2.3717739063670176,
        "75": -1.5271812082718692,
        "90": -0.7447714788159697,
        "95": -0.32724726677698074
      }
    },
    "frac_negative_pct": 96.6,
    "histogram": "   -7.84 |  1\n   -7.28 |  2\n   -6.72 |  2\n   -6.15 |  3\n   -5.59 | ### 20\n   -5.03 | ###### 41\n   -4.47 | ########### 76\n   -3.90 | ######################### 165\n   -3.34 | ################################### 231\n   -2.78 | ########################################## 280\n   -2.22 | ###################################### 252\n   -1.65 | ############################## 199\n   -1.09 | ################# 116\n   -0.53 | ########## 64\n    0.03 | #### 27\n    0.60 | ## 13\n    1.16 | # 5\n    1.72 |  2\n    2.28 |  0\n    2.85 |  1",
    "benchmark": {
      "z_star": 1500,
      "folk_n": 10000,
      "compute_ratio": 0.15,
      "mean_gap_pct": 0.667125376002052,
      "z_mean": -2.3396155782094312,
      "folk_mean": -2.3553285728068527,
      "z_median": -2.3717739063670176,
      "folk_median": -2.3587295817644343
    },
    "secs": 31.113257884979248
  },
  "shock": {
    "pair": {
      "z_star": 2000,
      "z_star_moved": null,
      "adequately_resolved": true,
      "final_recommendation": 40,
      "refinement_capped": false,
      "z_pct": null,
      "z_elbow": 2000,
      "decision_margin_pct": -206.9510036916829,
      "precision_bar": -0.025374190062972334,
      "sigma_estimate": 1.4110320161012926,
      "center_mean": -2.536792165180147,
      "borderline": true,
      "batches_used": 40,
      "batches_recommended": 40,
      "scatter": [
        0.13268884070797632,
        0.083579282520476,
        0.05611008687569456,
        0.048947149533357256,
        0.03120894647436474,
        0.023725060249196687,
        0.02590191941864805,
        0.020106831246764444,
        0.01843503409761637,
        0.013367589521700347
      ],
      "n_grid": [
        100,
        250,
        500,
        1000,
        1500,
        2000,
        3000,
        5000,
        7500,
        10000
      ]
    },
    "production": {
      "n": 2000,
      "mean": -2.550695727178401,
      "median": -2.5305295082545944,
      "std": 1.392403983280166,
      "min": -10.244298764130045,
      "max": 2.6592354109513434,
      "pct": {
        "5": -4.861007677636079,
        "10": -4.240174143821555,
        "25": -3.3779430658049465,
        "50": -2.5305295082545944,
        "75": -1.6808986532190073,
        "90": -0.8689632690115541,
        "95": -0.3904181763887779
      }
    },
    "frac_negative_pct": 97.15,
    "histogram": "  -10.24 |  1\n   -9.60 |  0\n   -8.95 |  1\n   -8.31 |  3\n   -7.66 | # 5\n   -7.02 | # 7\n   -6.37 | ## 19\n   -5.73 | #### 35\n   -5.08 | ########## 94\n   -4.44 | ################ 154\n   -3.79 | ############################### 293\n   -3.15 | ########################################## 400\n   -2.50 | ######################################### 391\n   -1.86 | ############################### 298\n   -1.21 | ################## 168\n   -0.57 | ######## 78\n    0.08 | ### 31\n    0.72 | # 13\n    1.37 | # 5\n    2.01 |  4",
    "shock_free_pct": 75.36,
    "fires_all": {
      "revenue": 301,
      "margin": 300,
      "funding": 294,
      "strategic": 290,
      "cash": 329
    },
    "fires_worst5": {
      "revenue": 9,
      "margin": 78,
      "funding": 11,
      "strategic": 14,
      "cash": 96
    },
    "mean_stress": 0.153212960475041,
    "max_stress": 3.117983434302749,
    "total_fires": 1514,
    "market_grid": {
      "-5": 3.95,
      "-2": 66.64999999999999,
      "0": 97.15,
      "2": 99.8,
      "5": 100.0,
      "8": 100.0,
      "11": 100.0,
      "15": 100.0
    },
    "secs": 42.97997236251831
  },
  "seeds": {
    "42": {
      "cont_z": 1500,
      "cont_batches": 40,
      "cont_margin": -170.82724162557693,
      "cont_zpct": null,
      "shock_z": 2000,
      "shock_batches": 40,
      "shock_margin": -206.9510036916829,
      "shock_zpct": null
    },
    "99": {
      "cont_z": 1500,
      "cont_batches": 40,
      "cont_margin": -177.0131961667503,
      "cont_zpct": null,
      "shock_z": 1000,
      "shock_batches": 40,
      "shock_margin": -166.67142351450556,
      "shock_zpct": null
    },
    "123": {
      "cont_z": 1500,
      "cont_batches": 40,
      "cont_margin": -201.02114137108904,
      "cont_zpct": null,
      "shock_z": 1500,
      "shock_batches": 40,
      "shock_margin": -187.22762556654587,
      "shock_zpct": null
    },
    "7": {
      "cont_z": 2000,
      "cont_batches": 40,
      "cont_margin": -206.52558599731478,
      "cont_zpct": null,
      "shock_z": 1500,
      "shock_batches": 40,
      "shock_margin": -191.5274945196537,
      "shock_zpct": null
    }
  }
}