{
  "central": {
    "value": -16.589968372522762,
    "wacc": 0.0824375
  }
}