{
  "central": {
    "value": 5.578106730314144,
    "wacc": 0.12535
  },
  "cont": {
    "pair": {
      "z_star": 2000,
      "z_star_moved": null,
      "adequately_resolved": false,
      "final_recommendation": 45,
      "refinement_capped": false,
      "z_pct": 2000,
      "z_elbow": 2000,
      "decision_margin_pct": 21.44665243140392,
      "precision_bar": 0.05711341305481506,
      "sigma_estimate": 2.1597566461911195,
      "center_mean": 5.709420401894154,
      "borderline": false,
      "batches_used": 40,
      "batches_recommended": 45,
      "scatter": [
        0.22771065777896332,
        0.13615993658673634,
        0.09454328673626582,
        0.07638668140730041,
        0.0662327861790521,
        0.04702757293954572,
        0.03954765743828205,
        0.03212762039775273,
        0.021705310419059834,
        0.015855260893942992
      ],
      "n_grid": [
        100,
        250,
        500,
        1000,
        1500,
        2000,
        3000,
        5000,
        7500,
        10000
      ]
    },
    "production": {
      "n": 2000,
      "mean": 5.733912339762565,
      "median": 5.494316458699784,
      "std": 2.133223644238263,
      "min": 0.589241604638871,
      "max": 17.996602574901015,
      "pct": {
        "5": 2.6564190608869467,
        "10": 3.268209898211143,
        "25": 4.1994390858681765,
        "50": 5.494316458699784,
        "75": 6.958872413167651,
        "90": 8.621032906467732,
        "95": 9.548213938796495
      }
    },
    "frac_negative_pct": 0.0,
    "histogram": "    0.59 | # 12\n    1.46 | ###### 50\n    2.33 | ############## 122\n    3.20 | ################################ 272\n    4.07 | #################################### 306\n    4.94 | ########################################## 361\n    5.81 | ################################# 285\n    6.68 | ########################### 228\n    7.55 | ################ 139\n    8.42 | ############ 103\n    9.29 | ####### 58\n   10.16 | ### 30\n   11.03 | ### 22\n   11.90 |  4\n   12.77 |  2\n   13.64 |  3\n   14.52 |  1\n   15.39 |  1\n   16.26 |  0\n   17.13 |  1",
    "benchmark": {
      "z_star": 2000,
      "folk_n": 10000,
      "compute_ratio": 0.2,
      "mean_gap_pct": 0.12372660179597861,
      "z_mean": 5.733912339762565,
      "folk_mean": 5.726826731656742,
      "z_median": 5.494316458699784,
      "folk_median": 5.469765323408803
    },
    "secs": 33.81677031517029
  },
  "shock": {
    "pair": {
      "z_star": 2000,
      "z_star_moved": null,
      "adequately_resolved": true,
      "final_recommendation": 1799,
      "refinement_capped": false,
      "z_pct": 2000,
      "z_elbow": 1000,
      "decision_margin_pct": 3.3357285078738723,
      "precision_bar": 0.052608863679653645,
      "sigma_estimate": 2.3244699902977106,
      "center_mean": 5.256185221355716,
      "borderline": true,
      "batches_used": 40,
      "batches_recommended": 1799,
      "scatter": [
        0.23401304862048902,
        0.1380367783512113,
        0.11754716692343661,
        0.06947434073227585,
        0.06894780473671343,
        0.05091062349809147,
        0.04259613045521108,
        0.036613547691517104,
        0.030369707014027223,
        0.021685105308502883
      ],
      "n_grid": [
        100,
        250,
        500,
        1000,
        1500,
        2000,
        3000,
        5000,
        7500,
        10000
      ]
    },
    "production": {
      "n": 2000,
      "mean": 5.257906267823435,
      "median": 5.085825236470811,
      "std": 2.3428133563206055,
      "min": -2.889071232080813,
      "max": 18.33789441534231,
      "pct": {
        "5": 1.6399098701330777,
        "10": 2.5171907258232724,
        "25": 3.713721194510555,
        "50": 5.085825236470811,
        "75": 6.591937033692749,
        "90": 8.18364836755297,
        "95": 9.510611942347353
      }
    },
    "frac_negative_pct": 0.6,
    "histogram": "   -2.89 |  3\n   -1.83 |  2\n   -0.77 | # 12\n    0.29 | ##### 53\n    1.36 | ########### 111\n    2.42 | ######################### 251\n    3.48 | ################################### 352\n    4.54 | ########################################## 423\n    5.60 | ################################ 318\n    6.66 | ###################### 219\n    7.72 | ########### 114\n    8.79 | ###### 61\n    9.85 | #### 37\n   10.91 | ### 27\n   11.97 | # 8\n   13.03 |  4\n   14.09 |  3\n   15.15 |  0\n   16.22 |  1\n   17.28 |  1",
    "shock_free_pct": 75.36,
    "fires_all": {
      "revenue": 301,
      "margin": 300,
      "funding": 294,
      "strategic": 290,
      "cash": 329
    },
    "fires_worst5": {
      "revenue": 66,
      "margin": 135,
      "funding": 19,
      "strategic": 27,
      "cash": 81
    },
    "mean_stress": 0.153212960475041,
    "max_stress": 3.117983434302749,
    "total_fires": 1514,
    "market_grid": {
      "-5": 0.0,
      "-2": 0.1,
      "0": 0.6,
      "2": 6.3,
      "5": 48.35,
      "8": 88.9,
      "11": 98.1,
      "15": 99.9
    },
    "secs": 42.889132499694824
  },
  "seeds": {
    "42": {
      "cont_z": 2000,
      "cont_batches": 45,
      "cont_margin": 21.44665243140392,
      "cont_zpct": 2000,
      "shock_z": 2000,
      "shock_batches": 1799,
      "shock_margin": 3.3357285078738723,
      "shock_zpct": 2000
    },
    "99": {
      "cont_z": 2000,
      "cont_batches": 38,
      "cont_margin": 23.372014697137285,
      "cont_zpct": 2000,
      "shock_z": 2000,
      "shock_batches": 2667,
      "shock_margin": 2.7389588920201775,
      "shock_zpct": 2000
    },
    "123": {
      "cont_z": 1500,
      "cont_batches": 104,
      "cont_margin": 13.990365644888733,
      "cont_zpct": 1500,
      "shock_z": 2000,
      "shock_batches": 286,
      "shock_margin": 8.390006525970144,
      "shock_zpct": 2000
    },
    "7": {
      "cont_z": 2000,
      "cont_batches": 30,
      "cont_margin": 26.5026482921428,
      "cont_zpct": 1500,
      "shock_z": 1500,
      "shock_batches": 5294,
      "shock_margin": 1.9439732823181448,
      "shock_zpct": 1500
    }
  }
}