{
  "central": {
    "value": 8.410031627477238,
    "wacc": 0.0824375
  },
  "cont": {
    "pair": {
      "z_star": 2000,
      "z_star_moved": null,
      "adequately_resolved": true,
      "final_recommendation": 40,
      "refinement_capped": false,
      "z_pct": null,
      "z_elbow": 2000,
      "decision_margin_pct": -89.18851651111525,
      "precision_bar": 0.07429123877275896,
      "sigma_estimate": 32.01792930220047,
      "center_mean": 7.375345370760367,
      "borderline": true,
      "batches_used": 40,
      "batches_recommended": 40,
      "scatter": [
        3.6701687960679825,
        1.8132305673210214,
        1.2720886151868969,
        1.2111626973839564,
        0.9677733445722294,
        0.6871512022299032,
        0.531094638492624,
        0.5160677706145081,
        0.3353332256278955,
        0.21726833028380096
      ],
      "n_grid": [
        100,
        250,
        500,
        1000,
        1500,
        2000,
        3000,
        5000,
        7500,
        10000
      ]
    },
    "production": {
      "n": 2000,
      "mean": 7.50517273777813,
      "median": 6.297872973156318,
      "std": 31.48313387056329,
      "min": -89.60068847585998,
      "max": 129.47402938346607,
      "pct": {
        "5": -40.788844249574176,
        "10": -30.99997360221073,
        "25": -14.140490276471658,
        "50": 6.297872973156318,
        "75": 27.106620070910168,
        "90": 47.27967168684732,
        "95": 63.52145593547076
      }
    },
    "frac_negative_pct": 41.699999999999996,
    "histogram": "  -89.60 | # 5\n  -78.65 | # 6\n  -67.69 | ### 21\n  -56.74 | ###### 45\n  -45.79 | ########### 76\n  -34.83 | ####################### 164\n  -23.88 | ############################## 209\n  -12.92 | #################################### 257\n   -1.97 | ####################################### 275\n    8.98 | ########################################## 296\n   19.94 | ############################## 209\n   30.89 | ####################### 163\n   41.84 | ################ 116\n   52.80 | ######### 60\n   63.75 | ####### 49\n   74.71 | #### 28\n   85.66 | ## 12\n   96.61 |  3\n  107.57 |  3\n  118.52 |  3",
    "benchmark": {
      "z_star": 2000,
      "folk_n": 10000,
      "compute_ratio": 0.2,
      "mean_gap_pct": 1.4785312159351083,
      "z_mean": 7.50517273777813,
      "folk_mean": 7.395823183337125,
      "z_median": 6.297872973156318,
      "folk_median": 5.800303632274363
    },
    "secs": 33.242117166519165
  },
  "shock": {
    "pair": {
      "z_star": 2000,
      "z_star_moved": null,
      "adequately_resolved": true,
      "final_recommendation": 40,
      "refinement_capped": false,
      "z_pct": null,
      "z_elbow": 2000,
      "decision_margin_pct": -100.81768574110717,
      "precision_bar": -0.0059509538880463606,
      "sigma_estimate": 35.195559583755085,
      "center_mean": -0.6649604271867,
      "borderline": true,
      "batches_used": 40,
      "batches_recommended": 40,
      "scatter": [
        3.581456036306921,
        2.085187622092437,
        1.6945380963835535,
        1.1727019354651516,
        0.9320534616721879,
        0.7277800735510722,
        0.6431282933396488,
        0.5518602837649577,
        0.5073530787451718,
        0.33812163808423157
      ],
      "n_grid": [
        100,
        250,
        500,
        1000,
        1500,
        2000,
        3000,
        5000,
        7500,
        10000
      ]
    },
    "production": {
      "n": 2000,
      "mean": -0.8440104344795349,
      "median": -1.483879144152934,
      "std": 35.034423412658846,
      "min": -133.16774481377658,
      "max": 137.72337019723068,
      "pct": {
        "5": -58.30457277544904,
        "10": -45.60439599403708,
        "25": -23.5787938774467,
        "50": -1.483879144152934,
        "75": 21.30110124161651,
        "90": 43.05056589086851,
        "95": 57.663803070293305
      }
    },
    "frac_negative_pct": 51.800000000000004,
    "histogram": " -133.17 |  1\n -119.62 |  2\n -106.08 | # 8\n  -92.53 | ## 12\n  -78.99 | ##### 38\n  -65.44 | ######### 73\n  -51.90 | ################# 133\n  -38.36 | ########################### 212\n  -24.81 | ##################################### 289\n  -11.27 | ########################################## 326\n    2.28 | ####################################### 303\n   15.82 | ############################### 240\n   29.37 | ##################### 160\n   42.91 | ############ 94\n   56.46 | ####### 57\n   70.00 | #### 28\n   83.55 | ## 16\n   97.09 |  2\n  110.63 |  3\n  124.18 |  3",
    "shock_free_pct": 75.36,
    "fires_all": {
      "revenue": 301,
      "margin": 300,
      "funding": 294,
      "strategic": 290,
      "cash": 329
    },
    "fires_worst5": {
      "revenue": 44,
      "margin": 156,
      "funding": 26,
      "strategic": 30,
      "cash": 55
    },
    "mean_stress": 0.153212960475041,
    "max_stress": 3.117983434302749,
    "total_fires": 1514,
    "market_grid": {
      "-5": 45.35,
      "-2": 49.35,
      "0": 51.800000000000004,
      "2": 54.35,
      "5": 57.65,
      "8": 61.150000000000006,
      "11": 64.5,
      "15": 68.60000000000001
    },
    "secs": 43.80077052116394
  },
  "seeds": {
    "42": {
      "cont_z": 2000,
      "cont_batches": 40,
      "cont_margin": -89.18851651111525,
      "cont_zpct": null,
      "shock_z": 2000,
      "shock_batches": 40,
      "shock_margin": -100.81768574110717,
      "shock_zpct": null
    },
    "99": {
      "cont_z": 2000,
      "cont_batches": 40,
      "cont_margin": -90.02242049420404,
      "cont_zpct": null,
      "shock_z": 1500,
      "shock_batches": 40,
      "shock_margin": -100.76607809153441,
      "shock_zpct": null
    },
    "123": {
      "cont_z": 1500,
      "cont_batches": 40,
      "cont_margin": -88.47576074671166,
      "cont_zpct": null,
      "shock_z": 1500,
      "shock_batches": 40,
      "shock_margin": -100.895339603004,
      "shock_zpct": null
    },
    "7": {
      "cont_z": 1500,
      "cont_batches": 40,
      "cont_margin": -90.65745169648778,
      "cont_zpct": null,
      "shock_z": 1500,
      "shock_batches": 40,
      "shock_margin": -100.83559596012086,
      "shock_zpct": null
    }
  }
}