{
  "central": {
    "value": -5.607567860366659,
    "wacc": 0.10751250000000001
  }
}