{
  "central": {
    "value": -13.191383334297964,
    "wacc": 0.21375
  }
}