{
  "central": {
    "value": 6.2030590145706865,
    "wacc": 0.14981500000000003
  },
  "cont": {
    "pair": {
      "z_star": 3000,
      "z_star_moved": null,
      "adequately_resolved": false,
      "final_recommendation": 50,
      "refinement_capped": false,
      "z_pct": 3000,
      "z_elbow": 2000,
      "decision_margin_pct": 20.369419063840365,
      "precision_bar": 0.06412161912002726,
      "sigma_estimate": 3.0073031188792188,
      "center_mean": 6.409176387480992,
      "borderline": false,
      "batches_used": 40,
      "batches_recommended": 50,
      "scatter": [
        0.3269739920892495,
        0.1832738123935615,
        0.12962239850912236,
        0.10941979835274741,
        0.09346539491062666,
        0.0651253232750339,
        0.053270689198906124,
        0.0463077178633658,
        0.03134172960701567,
        0.021978384778864154
      ],
      "n_grid": [
        100,
        250,
        500,
        1000,
        1500,
        2000,
        3000,
        5000,
        7500,
        10000
      ]
    },
    "production": {
      "n": 3000,
      "mean": 6.4716215199315315,
      "median": 6.174914386350462,
      "std": 3.0061715574031673,
      "min": -1.308984519697205,
      "max": 23.836707446251538,
      "pct": {
        "5": 2.128724379745238,
        "10": 2.9479418692444077,
        "25": 4.377302724365159,
        "50": 6.174914386350462,
        "75": 8.174919119793229,
        "90": 10.499122694416993,
        "95": 11.847783484034428
      }
    },
    "frac_negative_pct": 0.4,
    "histogram": "   -1.31 | # 11\n   -0.05 | #### 55\n    1.21 | ########### 136\n    2.46 | ######################## 308\n    3.72 | ##################################### 472\n    4.98 | ########################################## 541\n    6.23 | ####################################### 503\n    7.49 | ############################## 384\n    8.75 | ################ 212\n   10.01 | ############## 178\n   11.26 | ####### 90\n   12.52 | #### 51\n   13.78 | ### 35\n   15.04 | # 8\n   16.29 |  6\n   17.55 |  5\n   18.81 |  3\n   20.06 |  1\n   21.32 |  0\n   22.58 |  1",
    "benchmark": {
      "z_star": 3000,
      "folk_n": 10000,
      "compute_ratio": 0.3,
      "mean_gap_pct": 0.6775848057153,
      "z_mean": 6.4716215199315315,
      "folk_mean": 6.428065921943082,
      "z_median": 6.174914386350462,
      "folk_median": 6.100539179864631
    },
    "secs": 31.778512239456177
  },
  "shock": {
    "pair": {
      "z_star": 5000,
      "z_star_moved": null,
      "adequately_resolved": false,
      "final_recommendation": 122,
      "refinement_capped": false,
      "z_pct": 5000,
      "z_elbow": 2000,
      "decision_margin_pct": 12.884072173219796,
      "precision_bar": 0.0579989583650791,
      "sigma_estimate": 3.259030387071897,
      "center_mean": 5.794271307907941,
      "borderline": false,
      "batches_used": 40,
      "batches_recommended": 122,
      "scatter": [
        0.32043234485986377,
        0.19266495594159058,
        0.15997655837336666,
        0.10225010012027323,
        0.09089281962897705,
        0.06884081246473835,
        0.059622677701614675,
        0.05137922228397299,
        0.04385845986521301,
        0.030825820480881328
      ],
      "n_grid": [
        100,
        250,
        500,
        1000,
        1500,
        2000,
        3000,
        5000,
        7500,
        10000
      ]
    },
    "production": {
      "n": 5000,
      "mean": 5.775504212617633,
      "median": 5.600157205403141,
      "std": 3.2403365150136754,
      "min": -6.79769369745072,
      "max": 24.054995586462475,
      "pct": {
        "5": 0.7786582414936201,
        "10": 2.0116589580360698,
        "25": 3.7174509737641435,
        "50": 5.600157205403141,
        "75": 7.67254745495824,
        "90": 9.88849508103163,
        "95": 11.490816347585676
      }
    },
    "frac_negative_pct": 3.1399999999999997,
    "histogram": "   -6.80 |  4\n   -5.26 |  8\n   -3.71 | # 25\n   -2.17 | ## 57\n   -0.63 | ######## 185\n    0.92 | ############### 365\n    2.46 | ################################ 790\n    4.00 | ########################################## 1035\n    5.54 | ######################################## 986\n    7.09 | ############################# 712\n    8.63 | ################ 398\n   10.17 | ######### 211\n   11.71 | ##### 133\n   13.26 | ## 50\n   14.80 | # 19\n   16.34 |  11\n   17.88 |  6\n   19.43 |  3\n   20.97 |  1\n   22.51 |  1",
    "shock_free_pct": 75.36,
    "fires_all": {
      "revenue": 301,
      "margin": 300,
      "funding": 294,
      "strategic": 290,
      "cash": 329
    },
    "fires_worst5": {
      "revenue": 43,
      "margin": 132,
      "funding": 17,
      "strategic": 25,
      "cash": 102
    },
    "mean_stress": 0.153212960475041,
    "max_stress": 3.117983434302749,
    "total_fires": 1514,
    "market_grid": {
      "-5": 0.08,
      "-2": 0.8200000000000001,
      "0": 3.1399999999999997,
      "2": 9.9,
      "5": 41.88,
      "8": 78.5,
      "11": 93.8,
      "15": 99.26
    },
    "secs": 43.3380982875824
  },
  "seeds": {
    "42": {
      "cont_z": 3000,
      "cont_batches": 50,
      "cont_margin": 20.369419063840365,
      "cont_zpct": 3000,
      "shock_z": 5000,
      "shock_batches": 122,
      "shock_margin": 12.884072173219796,
      "shock_zpct": 5000
    },
    "99": {
      "cont_z": 3000,
      "cont_batches": 55,
      "cont_margin": 19.2734078096813,
      "cont_zpct": 3000,
      "shock_z": 5000,
      "shock_batches": 17,
      "shock_margin": 35.45095255282235,
      "shock_zpct": 5000
    },
    "123": {
      "cont_z": 3000,
      "cont_batches": 72,
      "cont_margin": 16.839449936230213,
      "cont_zpct": 3000,
      "shock_z": 5000,
      "shock_batches": 19,
      "shock_margin": 33.74899585356731,
      "shock_zpct": 5000
    },
    "7": {
      "cont_z": 2000,
      "cont_batches": 914,
      "cont_margin": 4.68054807839708,
      "cont_zpct": 2000,
      "shock_z": 3000,
      "shock_batches": 2168,
      "shock_margin": 3.0383251451010973,
      "shock_zpct": 3000
    }
  }
}