{
  "central": {
    "value": -9.620258743319088,
    "wacc": 0.10345000000000001
  }
}