{
  "central": {
    "carvana": -5.607567860366659,
    "steady_co": 12.766205482371033,
    "wacc": 0.10751250000000001
  },
  "cont": {
    "pair": {
      "z_star": 2000,
      "z_star_moved": null,
      "adequately_resolved": true,
      "final_recommendation": 40,
      "refinement_capped": false,
      "z_pct": null,
      "z_elbow": 2000,
      "decision_margin_pct": -116.90034682403972,
      "precision_bar": -0.054643552518958964,
      "sigma_estimate": 15.439627498684375,
      "center_mean": -5.48346984312849,
      "borderline": true,
      "batches_used": 40,
      "batches_recommended": 40,
      "scatter": [
        1.7649344777173481,
        0.8667073759456788,
        0.6243274838073033,
        0.596772140618796,
        0.4658472690021301,
        0.32332799490973685,
        0.25160193630446165,
        0.25139477898713597,
        0.17904489355891992,
        0.11444315134700894
      ],
      "n_grid": [
        100,
        250,
        500,
        1000,
        1500,
        2000,
        3000,
        5000,
        7500,
        10000
      ]
    },
    "production": {
      "n": 2000,
      "mean": -5.42622017682883,
      "median": -6.052193968461188,
      "std": 14.994945814469776,
      "min": -54.19800055519893,
      "max": 52.38762840432324,
      "pct": {
        "5": -29.12813371670735,
        "10": -23.77623309339817,
        "25": -15.73647835919365,
        "50": -6.052193968461188,
        "75": 4.111488306056931,
        "90": 13.555728769968868,
        "95": 19.899525570016422
      }
    },
    "frac_negative_pct": 65.35,
    "histogram": "  -54.20 | # 4\n  -48.87 | # 4\n  -43.54 | ## 11\n  -38.21 | ###### 41\n  -32.88 | ######## 56\n  -27.55 | ################### 127\n  -22.22 | ############################### 214\n  -16.89 | #################################### 247\n  -11.56 | ########################################## 287\n   -6.23 | ####################################### 267\n   -0.91 | ##################################### 254\n    4.42 | ########################### 183\n    9.75 | ################### 133\n   15.08 | ############ 80\n   20.41 | ###### 44\n   25.74 | #### 25\n   31.07 | ## 11\n   36.40 | # 6\n   41.73 |  3\n   47.06 |  3",
    "benchmark": {
      "z_star": 2000,
      "folk_n": 10000,
      "compute_ratio": 0.2,
      "mean_gap_pct": 0.9159209796458002,
      "z_mean": -5.42622017682883,
      "z_median": -6.052193968461188,
      "folk_mean": -5.476379485461187,
      "folk_median": -6.068287728416985,
      "z_n": 2000,
      "folk_n_actual": 10000
    },
    "secs": 33.224398374557495
  },
  "shock": {
    "pair": {
      "z_star": 1500,
      "z_star_moved": null,
      "adequately_resolved": true,
      "final_recommendation": 40,
      "refinement_capped": false,
      "z_pct": null,
      "z_elbow": 1500,
      "decision_margin_pct": -121.92078213810642,
      "precision_bar": -0.08995409698292227,
      "sigma_estimate": 17.289852216310955,
      "center_mean": -9.00655517800345,
      "borderline": true,
      "batches_used": 40,
      "batches_recommended": 40,
      "scatter": [
        1.7089395562603016,
        1.0080191352869152,
        0.7793540461328176,
        0.600579316380899,
        0.4103598877822372,
        0.33475625442308565,
        0.3046883445934738,
        0.2707525061700111,
        0.25143716201733557,
        0.1665404941950815
      ],
      "n_grid": [
        100,
        250,
        500,
        1000,
        1500,
        2000,
        3000,
        5000,
        7500,
        10000
      ]
    },
    "production": {
      "n": 1500,
      "mean": -9.328930897491016,
      "median": -9.231437676215592,
      "std": 17.40349172335058,
      "min": -89.78319063857721,
      "max": 60.20665552032781,
      "pct": {
        "5": -37.70753989605879,
        "10": -30.62265169909961,
        "25": -19.92934970248062,
        "50": -9.231437676215592,
        "75": 1.3788422961793583,
        "90": 12.008814532723072,
        "95": 17.86436465768765
      }
    },
    "frac_negative_pct": 71.26666666666667,
    "histogram": "  -89.78 |  1\n  -82.28 |  1\n  -74.78 |  0\n  -67.28 | # 7\n  -59.79 | ## 10\n  -52.29 | ### 20\n  -44.79 | ###### 42\n  -37.29 | ############# 86\n  -29.79 | ###################### 141\n  -22.29 | #################################### 234\n  -14.79 | ########################################## 273\n   -7.29 | ######################################### 269\n    0.21 | ############################# 190\n    7.71 | ################### 126\n   15.21 | ######### 56\n   22.71 | #### 23\n   30.21 | ## 14\n   37.71 |  1\n   45.21 |  3\n   52.71 |  3",
    "shock_free_pct": 75.36,
    "fires_all": {
      "revenue": 301,
      "margin": 300,
      "funding": 294,
      "strategic": 290,
      "cash": 329
    },
    "fires_worst5": {
      "revenue": 17,
      "margin": 133,
      "funding": 18,
      "strategic": 20,
      "cash": 114
    },
    "mean_stress": 0.153212960475041,
    "max_stress": 3.117983434302749,
    "total_fires": 1514,
    "market_grid": {
      "-5": 60.0,
      "-2": 66.60000000000001,
      "0": 71.26666666666667,
      "2": 76.13333333333333,
      "5": 81.0,
      "8": 85.33333333333334,
      "11": 89.2,
      "15": 92.80000000000001
    },
    "secs": 44.22179579734802
  },
  "seeds": {
    "42": {
      "cont_z": 2000,
      "cont_batches": 40,
      "cont_margin": -116.90034682403972,
      "cont_zpct": null,
      "shock_z": 1500,
      "shock_batches": 40,
      "shock_margin": -121.92078213810642,
      "shock_zpct": null
    },
    "99": {
      "cont_z": 2000,
      "cont_batches": 40,
      "cont_margin": -115.58914308283035,
      "cont_zpct": null,
      "shock_z": 1500,
      "shock_batches": 40,
      "shock_margin": -123.46035779560403,
      "shock_zpct": null
    },
    "123": {
      "cont_z": 1500,
      "cont_batches": 40,
      "cont_margin": -119.02183222785379,
      "cont_zpct": null,
      "shock_z": 1500,
      "shock_batches": 40,
      "shock_margin": -125.43797384862539,
      "shock_zpct": null
    },
    "7": {
      "cont_z": 2000,
      "cont_batches": 40,
      "cont_margin": -117.92601497141884,
      "cont_zpct": null,
      "shock_z": 1500,
      "shock_batches": 40,
      "shock_margin": -128.15884743644725,
      "shock_zpct": null
    }
  }
}