{
  "central": {
    "value": 12.766205482371033,
    "wacc": 0.08159999999999999
  }
}