{
  "central": {
    "value": 145.78428315887047,
    "wacc": 0.13419999999999999
  },
  "cont": {
    "pair": {
      "z_star": 3000,
      "z_star_moved": null,
      "adequately_resolved": true,
      "final_recommendation": 2,
      "refinement_capped": false,
      "z_pct": 1000,
      "z_elbow": 3000,
      "decision_margin_pct": 160.44545387993796,
      "precision_bar": 1.4796874412897894,
      "sigma_estimate": 44.5139081575501,
      "center_mean": 147.7255659447672,
      "borderline": false,
      "batches_used": 20,
      "batches_recommended": 2,
      "scatter": [
        3.4801856397490725,
        2.438356421378225,
        2.2980306555133843,
        1.445835336116613,
        1.2934727564930253,
        0.923146723126083,
        0.5681371739250655,
        0.5940548261931539,
        0.3960156075854747,
        0.44066432069392136
      ],
      "n_grid": [
        100,
        250,
        500,
        1000,
        1500,
        2000,
        3000,
        5000,
        7500,
        10000
      ]
    },
    "production": {
      "n": 3000,
      "mean": 147.75444991588702,
      "median": 142.20772608527136,
      "std": 44.71421065236407,
      "min": 58.862785257568255,
      "max": 383.4909224507783,
      "pct": {
        "5": 84.68149833293596,
        "10": 95.67190928377619,
        "25": 115.41481464331216,
        "50": 142.20772608527136,
        "75": 172.95014158870993,
        "90": 206.81924556958796,
        "95": 231.7652172827791
      }
    },
    "frac_negative_pct": 0.0,
    "histogram": "   58.86 | ##### 51\n   75.09 | ################ 178\n   91.33 | ############################# 324\n  107.56 | ###################################### 419\n  123.79 | ########################################## 463\n  140.02 | ######################################### 450\n  156.25 | ################################ 351\n  172.48 | ####################### 251\n  188.71 | ################# 190\n  204.95 | ############ 127\n  221.18 | ####### 74\n  237.41 | #### 47\n  253.64 | ### 37\n  269.87 | ## 17\n  286.10 | # 11\n  302.33 |  5\n  318.57 |  1\n  334.80 |  0\n  351.03 |  3\n  367.26 |  1",
    "benchmark": {
      "z_star": 3000,
      "folk_n": 10000,
      "compute_ratio": 0.3,
      "mean_gap_pct": 0.022546381794010438,
      "z_mean": 147.75444991588702,
      "folk_mean": 147.78777071091636,
      "z_median": 142.20772608527136,
      "folk_median": 141.62180616934728
    },
    "market_price": 211.93,
    "market_percentile": 91.3,
    "batches_used": 20,
    "secs": 19.202449083328247
  },
  "shock": {
    "pair": {
      "z_star": 1000,
      "z_star_moved": null,
      "adequately_resolved": false,
      "final_recommendation": 251,
      "refinement_capped": false,
      "z_pct": 1000,
      "z_elbow": 1000,
      "decision_margin_pct": 8.958861916149646,
      "precision_bar": 1.397709953810914,
      "sigma_estimate": 45.9830746599103,
      "center_mean": 139.76095033310798,
      "borderline": false,
      "batches_used": 20,
      "batches_recommended": 251,
      "scatter": [
        4.358699951409084,
        3.12676291585141,
        1.9045814731557948,
        1.2827868511388594,
        1.2159147741838499,
        1.0298183054744454,
        0.70857558014247,
        0.5403092443208521,
        0.4155975664289308,
        0.48189520802339075
      ],
      "n_grid": [
        100,
        250,
        500,
        1000,
        1500,
        2000,
        3000,
        5000,
        7500,
        10000
      ]
    },
    "batches_used": 20,
    "conv_secs": 25.749340057373047,
    "production": {
      "n": 1000,
      "mean": 139.68651237389213,
      "median": 133.28764313555345,
      "std": 46.30633205969192,
      "min": 31.68405777517469,
      "max": 417.1846570640139,
      "pct": {
        "5": 73.92537427032225,
        "10": 87.55802164072135,
        "25": 107.30099842976284,
        "50": 133.28764313555345,
        "75": 166.79072584379963,
        "90": 198.40823640301926,
        "95": 217.51756549434106
      }
    },
    "frac_negative_pct": 0.0,
    "histogram": "   31.68 | ## 8\n   50.96 | ####### 31\n   70.23 | ################## 78\n   89.51 | ################################## 147\n  108.78 | ########################################## 182\n  128.06 | ######################################## 175\n  147.33 | ############################## 128\n  166.61 | ######################## 102\n  185.88 | ################ 69\n  205.16 | ######### 37\n  224.43 | #### 16\n  243.71 | ## 9\n  262.98 | ## 9\n  282.26 |  2\n  301.53 | # 4\n  320.81 |  1\n  340.08 |  1\n  359.36 |  0\n  378.63 |  0\n  397.91 |  1",
    "shock_free_pct": 67.42,
    "fires_all": {
      "revenue": 448,
      "margin": 417,
      "funding": 436,
      "strategic": 415,
      "cash": 453
    },
    "fires_worst5": {
      "revenue": 120,
      "margin": 123,
      "funding": 31,
      "strategic": 42,
      "cash": 36
    },
    "mean_stress": 0.21639308081562023,
    "max_stress": 3.924363143998128,
    "total_fires": 2169,
    "market_grid": {
      "0": 0.0,
      "50": 0.8,
      "100": 19.0,
      "150": 64.0,
      "175": 79.3,
      "200": 90.60000000000001,
      "211.93": 93.89999999999999,
      "250": 97.7,
      "300": 99.3
    },
    "prod_secs": 0.2661094665527344
  },
  "seeds": {
    "42": {
      "cont_z": 3000,
      "cont_batches": 2,
      "cont_margin": 160.44545387993796,
      "cont_zpct": 1000,
      "shock_z": 1000,
      "shock_batches": 251,
      "shock_margin": 8.958861916149646,
      "shock_zpct": 1000
    },
    "99": {
      "cont_z": 1500,
      "cont_batches": 31,
      "cont_margin": 25.91742336037904,
      "cont_zpct": 1500,
      "cont_batches_used": 20
    },
    "123": {
      "cont_z": 1500,
      "cont_batches": 8,
      "cont_margin": 55.62916483154153,
      "cont_zpct": 1000,
      "cont_batches_used": 20
    },
    "7": {
      "cont_z": 1500,
      "cont_batches": 6,
      "cont_margin": 65.15145772255873,
      "cont_zpct": 1000,
      "cont_batches_used": 20
    }
  }
}