{
  "central": {
    "value": 96.52323891904588,
    "wacc": 0.1127
  },
  "cont": {
    "pair": {
      "z_star": 2000,
      "z_star_moved": null,
      "adequately_resolved": true,
      "final_recommendation": 4,
      "refinement_capped": false,
      "z_pct": 1000,
      "z_elbow": 2000,
      "decision_margin_pct": 83.231945469409,
      "precision_bar": 0.978605623341247,
      "sigma_estimate": 30.0810316955848,
      "center_mean": 97.74496448929504,
      "borderline": false,
      "batches_used": 20,
      "batches_recommended": 4,
      "scatter": [
        2.5014098173926786,
        1.559974167227758,
        1.0757541668646762,
        0.8734826687789693,
        0.7854235660151458,
        0.5340802450327241,
        0.37625083545407545,
        0.3673670650702983,
        0.33795853621667693,
        0.36146420833252924
      ],
      "n_grid": [
        100,
        250,
        500,
        1000,
        1500,
        2000,
        3000,
        5000,
        7500,
        10000
      ]
    },
    "production": {
      "n": 2000,
      "mean": 98.37195416354237,
      "median": 95.81881804749626,
      "std": 29.98028356413415,
      "min": 8.3638507831182,
      "max": 223.71140476070553,
      "pct": {
        "5": 53.771725282642734,
        "10": 62.775273654558454,
        "25": 76.79034982144391,
        "50": 95.81881804749626,
        "75": 117.5966974409024,
        "90": 138.97907151319802,
        "95": 151.94088638012903
      }
    },
    "frac_negative_pct": 0.0,
    "histogram": "    8.36 |  2\n   19.13 | # 4\n   29.90 | ### 23\n   40.67 | ####### 52\n   51.43 | ############### 105\n   62.20 | ################################# 239\n   72.97 | ################################## 242\n   83.74 | ######################################### 296\n   94.50 | ########################################## 303\n  105.27 | ############################## 214\n  116.04 | ####################### 168\n  126.81 | ################### 136\n  137.57 | ############ 87\n  148.34 | ########## 69\n  159.11 | #### 29\n  169.87 | ## 18\n  180.64 | # 7\n  191.41 |  2\n  202.18 |  2\n  212.94 |  2",
    "benchmark": {
      "z_star": 2000,
      "folk_n": 10000,
      "compute_ratio": 0.2,
      "mean_gap_pct": 0.9161057711719325,
      "z_mean": 98.37195416354237,
      "folk_mean": 97.47894393249929,
      "z_median": 95.81881804749626,
      "folk_median": 94.79079080772388
    },
    "batches_used": 20,
    "secs": 21.0488920211792
  },
  "shock": {
    "pair": {
      "z_star": 2000,
      "z_star_moved": null,
      "adequately_resolved": true,
      "final_recommendation": 17,
      "refinement_capped": false,
      "z_pct": 2000,
      "z_elbow": 1000,
      "decision_margin_pct": 36.239997212955615,
      "precision_bar": 0.9035835402097737,
      "sigma_estimate": 32.48078182079742,
      "center_mean": 90.42096431215379,
      "borderline": false,
      "batches_used": 20,
      "batches_recommended": 17,
      "scatter": [
        3.749174530070844,
        2.1732065564155407,
        1.2333519993957476,
        0.969839091663767,
        0.9445695453843252,
        0.6632292709147591,
        0.4266007276176952,
        0.4760718775250922,
        0.2835885389796557,
        0.3473775061793999
      ],
      "n_grid": [
        100,
        250,
        500,
        1000,
        1500,
        2000,
        3000,
        5000,
        7500,
        10000
      ]
    },
    "batches_used": 20,
    "conv_secs": 32.964802742004395,
    "production": {
      "n": 2000,
      "mean": 90.86487085812341,
      "median": 88.64442891574731,
      "std": 32.482268554042605,
      "min": -1.4373039614753627,
      "max": 234.12076144364892,
      "pct": {
        "5": 40.19974965738871,
        "10": 52.04119842306322,
        "25": 68.39101475545449,
        "50": 88.64442891574731,
        "75": 110.25643557338617,
        "90": 132.13953181799212,
        "95": 146.08189445706682
      }
    },
    "frac_negative_pct": 0.05,
    "histogram": "   -1.44 | # 10\n   10.34 | ## 13\n   22.12 | ##### 38\n   33.90 | ######### 66\n   45.67 | ###################### 154\n   57.45 | ################################ 232\n   69.23 | ####################################### 277\n   81.01 | ########################################## 300\n   92.79 | ########################################## 300\n  104.56 | ############################# 210\n  116.34 | ###################### 156\n  128.12 | ############## 101\n  139.90 | ######### 62\n  151.68 | ##### 34\n  163.45 | ### 20\n  175.23 | ## 12\n  187.01 | # 7\n  198.79 | # 4\n  210.56 |  3\n  222.34 |  1",
    "shock_free_pct": 67.42,
    "fires_all": {
      "revenue": 448,
      "margin": 417,
      "funding": 436,
      "strategic": 415,
      "cash": 453
    },
    "fires_worst5": {
      "revenue": 97,
      "margin": 127,
      "funding": 44,
      "strategic": 52,
      "cash": 85
    },
    "mean_stress": 0.21639308081562023,
    "max_stress": 3.924363143998128,
    "total_fires": 2169,
    "market_grid": {
      "-5": 0.0,
      "-2": 0.0,
      "0": 0.05,
      "2": 0.05,
      "5": 0.15,
      "8": 0.3,
      "11": 0.5,
      "15": 0.7000000000000001,
      "200": 99.7,
      "263": 100.0,
      "390": 100.0
    },
    "prod_secs": 1.1919431686401367
  },
  "seeds": {
    "42": {
      "cont_z": 2000,
      "cont_batches": 4,
      "cont_margin": 83.231945469409,
      "cont_zpct": 1000,
      "shock_z": 2000,
      "shock_batches": 17,
      "shock_margin": 36.239997212955615,
      "shock_zpct": 2000
    },
    "99": {
      "cont_z": 3000,
      "cont_batches": 3,
      "cont_margin": 101.5088005356654,
      "cont_zpct": 1500,
      "cont_batches_used": 20,
      "shock_z": 1500,
      "shock_batches": 2288,
      "shock_margin": 2.957756913958104,
      "shock_zpct": 1500,
      "shock_batches_used": 12
    },
    "123": {
      "cont_z": 1500,
      "cont_batches": 33,
      "cont_margin": 25.018010478409213,
      "cont_zpct": 1000,
      "cont_batches_used": 20,
      "shock_z": 1500,
      "shock_batches": 7,
      "shock_margin": 61.54554191216762,
      "shock_zpct": 1500,
      "shock_batches_used": 12
    }
  }
}