{
  "central": {
    "value": 57.8259883087108,
    "wacc": 0.0696475
  },
  "cont": {
    "pair": {
      "z_star": 1000,
      "z_star_moved": null,
      "adequately_resolved": true,
      "final_recommendation": 8,
      "refinement_capped": false,
      "z_pct": 1000,
      "z_elbow": 1000,
      "decision_margin_pct": 54.90289987085024,
      "precision_bar": 0.5703319136494239,
      "sigma_estimate": 12.580295536250407,
      "center_mean": 56.99551565292842,
      "borderline": false,
      "batches_used": 40,
      "batches_recommended": 8,
      "scatter": [
        1.3031948547784697,
        0.7751458324922615,
        0.6364979022584876,
        0.3681867247965895,
        0.3172660612381566,
        0.27305399458623725,
        0.20215274132745803,
        0.18645444302640993,
        0.12162201813589837,
        0.1279340230156994
      ],
      "n_grid": [
        100,
        250,
        500,
        1000,
        1500,
        2000,
        3000,
        5000,
        7500,
        10000
      ]
    },
    "production": {
      "n": 1000,
      "mean": 57.28881327648753,
      "median": 56.516290719860905,
      "std": 12.283792844668508,
      "min": 25.19812348151348,
      "max": 99.55698118427169,
      "pct": {
        "5": 37.96329744206997,
        "10": 42.29120828896055,
        "25": 48.661537240783254,
        "50": 56.516290719860905,
        "75": 64.88651192321322,
        "90": 73.9913667556622,
        "95": 79.39592723774456
      }
    },
    "frac_negative_pct": 0.0,
    "histogram": "   25.20 | ## 5\n   28.92 | # 2\n   32.63 | ######## 26\n   36.35 | ############ 39\n   40.07 | ################### 61\n   43.79 | ######################### 78\n   47.51 | ################################### 111\n   51.22 | ########################################## 132\n   54.94 | ##################################### 115\n   58.66 | ################################### 111\n   62.38 | ############################## 93\n   66.10 | ###################### 70\n   69.81 | ################# 53\n   73.53 | ############ 38\n   77.25 | ######### 29\n   80.97 | ###### 18\n   84.69 | ### 9\n   88.40 | # 3\n   92.12 | ## 5\n   95.84 | # 2",
    "benchmark": {
      "z_star": 1000,
      "folk_n": 10000,
      "compute_ratio": 0.1,
      "mean_gap_pct": 0.7005954573499877,
      "z_mean": 57.28881327648753,
      "folk_mean": 56.89024281961791,
      "z_median": 56.516290719860905,
      "folk_median": 55.93885929176963
    },
    "secs": 35.62521743774414
  },
  "shock": {
    "pair": {
      "z_star": 2000,
      "z_star_moved": null,
      "adequately_resolved": true,
      "final_recommendation": 5,
      "refinement_capped": false,
      "z_pct": 1000,
      "z_elbow": 2000,
      "decision_margin_pct": 77.63738213213678,
      "precision_bar": 0.5262325237977726,
      "sigma_estimate": 14.649184867055078,
      "center_mean": 52.64575147203093,
      "borderline": false,
      "batches_used": 20,
      "batches_recommended": 5,
      "scatter": [
        1.558985543514554,
        1.066853310852103,
        0.6046250547127147,
        0.4770580431515958,
        0.462507886866641,
        0.2962397427171782,
        0.2409908879406363,
        0.19947633314444058,
        0.13283879848762245,
        0.16017578616861905
      ],
      "n_grid": [
        100,
        250,
        500,
        1000,
        1500,
        2000,
        3000,
        5000,
        7500,
        10000
      ]
    },
    "production": {
      "n": 2000,
      "mean": 52.95212433776616,
      "median": 52.93651477518785,
      "std": 14.910010303595106,
      "min": 3.667345587796884,
      "max": 117.75719171755514,
      "pct": {
        "5": 28.418773453490044,
        "10": 34.55783463721895,
        "25": 43.5586471184588,
        "50": 52.93651477518785,
        "75": 62.2240328418206,
        "90": 70.7598579742768,
        "95": 78.07323995106383
      }
    },
    "frac_negative_pct": 0.0,
    "histogram": "    3.67 |  1\n    9.37 | # 7\n   15.08 | ### 24\n   20.78 | ###### 48\n   26.49 | ######### 71\n   32.19 | ################## 148\n   37.89 | ######################### 203\n   43.60 | #################################### 291\n   49.30 | ########################################## 336\n   55.01 | #################################### 289\n   60.71 | ################################ 254\n   66.42 | ################### 153\n   72.12 | ######### 71\n   77.83 | ###### 47\n   83.53 | #### 30\n   89.23 | ## 13\n   94.94 | # 9\n  100.64 |  3\n  106.35 |  0\n  112.05 |  2",
    "shock_free_pct": 67.42,
    "fires_all": {
      "revenue": 448,
      "margin": 417,
      "funding": 436,
      "strategic": 415,
      "cash": 453
    },
    "fires_worst5": {
      "revenue": 147,
      "margin": 155,
      "funding": 53,
      "strategic": 47,
      "cash": 39
    },
    "mean_stress": 0.21639308081562023,
    "max_stress": 3.924363143998128,
    "total_fires": 2169,
    "market_grid": {
      "-5": 0.0,
      "-2": 0.0,
      "0": 0.0,
      "2": 0.0,
      "5": 0.05,
      "8": 0.05,
      "11": 0.05,
      "15": 0.4
    }
  }
}