{
  "central": {
    "value": 263.7429225813989,
    "wacc": 0.0915742
  },
  "cont": {
    "pair": {
      "z_star": 2000,
      "adequately_resolved": true,
      "final_recommendation": 4,
      "z_pct": 1000,
      "z_elbow": 2000,
      "decision_margin_pct": 97.30086220022692,
      "precision_bar": 2.654186534442284,
      "sigma_estimate": 63.27630471210915,
      "center_mean": 265.17996554619526,
      "borderline": false,
      "batches_used": 40,
      "batches_recommended": 4,
      "scatter": [
        6.031451889836066,
        3.6811751128452057,
        3.199941068300779,
        1.8873686582262108,
        1.6315591828890013,
        1.34524832017649,
        1.0686945558761176,
        0.9106895074857257,
        0.6063601511505085,
        0.6737729551563474
      ],
      "n_grid": [
        100,
        250,
        500,
        1000,
        1500,
        2000,
        3000,
        5000,
        7500,
        10000
      ]
    },
    "production": {
      "n": 2000,
      "mean": 265.9007086990595,
      "median": 259.57634983294287,
      "std": 63.514930405678314,
      "min": 106.6207519133739,
      "max": 550.0108603867661,
      "pct": {
        "5": 171.69476665556235,
        "10": 188.83988937942453,
        "25": 220.12887642170813,
        "50": 259.57634983294287,
        "75": 304.8448410178965,
        "90": 357.4792741670189,
        "95": 381.0201524995744
      }
    },
    "frac_negative_pct": 0.0,
    "histogram": "  106.62 | # 7\n  128.79 | #### 26\n  150.96 | ########### 78\n  173.13 | #################### 139\n  195.30 | ############################## 214\n  217.47 | ##################################### 264\n  239.64 | ########################################## 297\n  261.81 | ####################################### 275\n  283.98 | ############################### 217\n  306.15 | ##################### 149\n  328.32 | ################ 111\n  350.49 | ############# 91\n  372.65 | ########## 73\n  394.82 | ##### 32\n  416.99 | # 10\n  439.16 | # 10\n  461.33 |  1\n  483.50 | # 5\n  505.67 |  0\n  527.84 |  1",
    "benchmark": {
      "z_star": 2000,
      "folk_n": 10000,
      "compute_ratio": 0.2,
      "mean_gap_pct": 0.427620689701481,
      "z_mean": 265.9007086990595,
      "folk_mean": 264.76850379701045,
      "z_median": 259.57634983294287,
      "folk_median": 258.3775006310069
    }
  },
  "shock": {
    "pair": {
      "z_star": 1000,
      "adequately_resolved": false,
      "final_recommendation": 45,
      "z_pct": 1000,
      "z_elbow": 1000,
      "decision_margin_pct": 21.53852585717786,
      "precision_bar": 2.4888827083873344,
      "sigma_estimate": 69.51746613089205,
      "center_mean": 249.0662701311443,
      "borderline": false,
      "batches_used": 40,
      "batches_recommended": 45,
      "scatter": [
        6.944644596633432,
        5.108479994746542,
        2.872336374300274,
        2.047813802935265,
        1.9320854271297296,
        1.6726027284781364,
        1.1430840052143214,
        0.9026226209634934,
        0.6566665615771912,
        0.7229492912142972
      ],
      "n_grid": [
        100,
        250,
        500,
        1000,
        1500,
        2000,
        3000,
        5000,
        7500,
        10000
      ]
    },
    "production": {
      "n": 1000,
      "mean": 248.82798992827438,
      "median": 244.35691480806128,
      "std": 68.55849942550738,
      "min": 47.56323878800897,
      "max": 600.569538977445,
      "pct": {
        "5": 146.11191189813064,
        "10": 169.70161836366344,
        "25": 202.25254803920836,
        "50": 244.35691480806128,
        "75": 291.0238968889278,
        "90": 334.55884083512257,
        "95": 359.25393710985185
      }
    },
    "frac_negative_pct": 0.0,
    "histogram": "   47.56 |  1\n   75.21 | ### 12\n  102.86 | ##### 19\n  130.51 | ########### 41\n  158.16 | ####################### 89\n  185.81 | ####################################### 153\n  213.47 | ######################################### 160\n  241.12 | ########################################## 163\n  268.77 | #################################### 138\n  296.42 | ########################## 99\n  324.07 | ############### 59\n  351.72 | ######### 34\n  379.37 | ### 10\n  407.02 | ### 11\n  434.67 | # 3\n  462.32 | # 4\n  489.97 | # 3\n  517.62 |  0\n  545.27 |  0\n  572.92 |  1",
    "shock_free_pct": 67.42,
    "fires_all": {
      "revenue": 448,
      "margin": 417,
      "funding": 436,
      "strategic": 415,
      "cash": 453
    },
    "fires_worst5": {
      "revenue": 133,
      "margin": 142,
      "funding": 40,
      "strategic": 44,
      "cash": 39
    },
    "mean_stress": 0.21639308081562023,
    "max_stress": 3.924363143998128,
    "total_fires": 2169,
    "market_grid": {
      "0": 0.0,
      "50": 0.1,
      "100": 1.0999999999999999,
      "150": 6.1,
      "200": 24.099999999999998,
      "263": 60.3,
      "300": 79.10000000000001,
      "400": 97.5,
      "450": 99.1,
      "500": 99.8
    }
  },
  "seeds": {
    "42": {
      "cont_z": 2000,
      "cont_batches": 4,
      "cont_margin": 97.30086220022692,
      "cont_zpct": 1000,
      "shock_z": 1000,
      "shock_batches": 45,
      "shock_margin": 21.53852585717786,
      "shock_zpct": 1000
    },
    "99": {
      "cont_z": 500,
      "cont_batches": 94,
      "cont_margin": 14.672013477381249,
      "cont_zpct": 500,
      "shock_z": 2000,
      "shock_batches": 4,
      "shock_margin": 86.33881650713359,
      "shock_zpct": 1000
    },
    "123": {
      "cont_z": 1500,
      "cont_batches": 3,
      "cont_margin": 100.08988091131211,
      "cont_zpct": 1000,
      "shock_z": 2000,
      "shock_batches": 4,
      "shock_margin": 94.13072795931579,
      "shock_zpct": 1000
    },
    "7": {
      "cont_z": 1000,
      "cont_batches": 13,
      "cont_margin": 41.848331510041284,
      "cont_zpct": 1000,
      "shock_z": 1500,
      "shock_batches": 5,
      "shock_margin": 78.64612813318523,
      "shock_zpct": 1000
    }
  }
}