{
  "central": {
    "value": 263.7429225813989,
    "wacc": 0.0915742
  },
  "cont": {
    "pair": {
      "z_star": 3000,
      "z_star_moved": null,
      "adequately_resolved": true,
      "final_recommendation": 2,
      "refinement_capped": false,
      "z_pct": 1000,
      "z_elbow": 3000,
      "decision_margin_pct": 262.222734675325,
      "precision_bar": 2.6539518925719063,
      "sigma_estimate": 63.27630471210915,
      "center_mean": 265.0703200121732,
      "borderline": false,
      "batches_used": 20,
      "batches_recommended": 2,
      "scatter": [
        5.250352316039785,
        3.2657032340292993,
        2.843211630744861,
        1.9224897051847323,
        1.7899253592295084,
        1.2486986520460948,
        0.7326850687466516,
        0.8551244255439294,
        0.5675539716263053,
        0.7047623499807553
      ],
      "n_grid": [
        100,
        250,
        500,
        1000,
        1500,
        2000,
        3000,
        5000,
        7500,
        10000
      ]
    },
    "production": {
      "n": 3000,
      "mean": 264.73543420316685,
      "median": 259.17526201170233,
      "std": 63.09071176631742,
      "min": 106.6207519133739,
      "max": 557.9741649411138,
      "pct": {
        "5": 170.27083733330846,
        "10": 187.078691907487,
        "25": 219.72108317366698,
        "50": 259.17526201170233,
        "75": 302.5964388394856,
        "90": 351.70305226772757,
        "95": 380.636418281904
      }
    },
    "frac_negative_pct": 0.0,
    "histogram": "  106.62 | # 11\n  129.19 | #### 42\n  151.76 | ############ 133\n  174.32 | ##################### 223\n  196.89 | ################################ 337\n  219.46 | ####################################### 413\n  242.03 | ########################################## 448\n  264.59 | ####################################### 416\n  287.16 | ############################### 326\n  309.73 | #################### 210\n  332.30 | ############### 156\n  354.87 | ########### 119\n  377.43 | ######### 92\n  400.00 | #### 39\n  422.57 | ## 16\n  445.14 | # 10\n  467.70 |  5\n  490.27 |  2\n  512.84 |  0\n  535.41 |  2",
    "benchmark": {
      "z_star": 3000,
      "folk_n": 10000,
      "compute_ratio": 0.3,
      "mean_gap_pct": 0.012490002915512914,
      "z_mean": 264.73543420316685,
      "folk_mean": 264.76850379701045,
      "z_median": 259.17526201170233,
      "folk_median": 258.3775006310069
    },
    "batches_used": 20,
    "secs": 33.89358425140381
  },
  "shock": {
    "pair": {
      "z_star": 2000,
      "z_star_moved": null,
      "adequately_resolved": true,
      "final_recommendation": 5,
      "refinement_capped": false,
      "z_pct": 1000,
      "z_elbow": 2000,
      "decision_margin_pct": 75.89468589024094,
      "precision_bar": 2.4894284363145123,
      "sigma_estimate": 69.51746613089205,
      "center_mean": 249.01553100468192,
      "borderline": false,
      "batches_used": 20,
      "batches_recommended": 5,
      "scatter": [
        7.406263060936466,
        4.837957092757806,
        2.791451315350701,
        2.1557439216504903,
        2.018780916022765,
        1.415294853119057,
        1.0531620020886425,
        0.924505720076013,
        0.6114876786521635,
        0.7567340164223367
      ],
      "n_grid": [
        100,
        250,
        500,
        1000,
        1500,
        2000,
        3000,
        5000,
        7500,
        10000
      ]
    },
    "production": {
      "n": 2000,
      "mean": 250.27436651329597,
      "median": 245.1949007272497,
      "std": 70.7441985305071,
      "min": 47.56323878800897,
      "max": 600.569538977445,
      "pct": {
        "5": 141.89724234099228,
        "10": 166.93061349223913,
        "25": 202.51476727485448,
        "50": 245.1949007272497,
        "75": 292.6133759331004,
        "90": 340.90483912677195,
        "95": 369.92772434135935
      }
    },
    "frac_negative_pct": 0.0,
    "histogram": "   47.56 |  2\n   75.21 | ### 24\n  102.86 | ###### 51\n  130.51 | ########## 83\n  158.16 | ####################### 179\n  185.81 | ################################## 270\n  213.47 | ########################################## 332\n  241.12 | ######################################### 322\n  268.77 | ################################### 274\n  296.42 | ######################## 189\n  324.07 | ################ 124\n  351.72 | ######## 65\n  379.37 | #### 34\n  407.02 | ### 25\n  434.67 | ## 13\n  462.32 | # 6\n  489.97 | # 5\n  517.62 |  1\n  545.27 |  0\n  572.92 |  1",
    "shock_free_pct": 67.42,
    "fires_all": {
      "revenue": 448,
      "margin": 417,
      "funding": 436,
      "strategic": 415,
      "cash": 453
    },
    "fires_worst5": {
      "revenue": 133,
      "margin": 142,
      "funding": 40,
      "strategic": 44,
      "cash": 39
    },
    "mean_stress": 0.21639308081562023,
    "max_stress": 3.924363143998128,
    "total_fires": 2169,
    "market_grid": {
      "-5": 0.0,
      "-2": 0.0,
      "0": 0.0,
      "2": 0.0,
      "5": 0.0,
      "8": 0.0,
      "11": 0.0,
      "15": 0.0,
      "200": 24.05,
      "263": 59.650000000000006,
      "390": 96.5
    },
    "batches_used": 20,
    "conv_secs": 33.649250507354736,
    "prod_secs": 0.3053269386291504
  },
  "seeds": {
    "42": {
      "cont_z": 3000,
      "cont_batches": 2,
      "cont_margin": 262.222734675325,
      "cont_zpct": 1000,
      "shock_z": 2000,
      "shock_batches": 5,
      "shock_margin": 75.89468589024094,
      "shock_zpct": 1000
    },
    "99": {
      "cont_z": 3000,
      "cont_batches": 2,
      "cont_margin": 149.26209004700388,
      "cont_zpct": 500,
      "shock_z": 1000,
      "shock_batches": 6,
      "shock_margin": 68.44399430221861,
      "shock_zpct": 500,
      "shock_batches_used": 12
    },
    "123": {
      "cont_z": 1500,
      "cont_batches": 5,
      "cont_margin": 75.53839560433946,
      "cont_zpct": 500,
      "shock_z": 2000,
      "shock_batches": 3,
      "shock_margin": 134.2827396251601,
      "shock_zpct": 1500,
      "cont_batches_used": 20,
      "shock_batches_used": 12
    },
    "7": {
      "cont_z": 1500,
      "cont_batches": 3,
      "cont_margin": 117.5983324233586,
      "cont_zpct": 500,
      "cont_batches_used": 20,
      "shock_z": 1500,
      "shock_batches": 3,
      "shock_margin": 114.86330214955409,
      "shock_zpct": 500,
      "shock_batches_used": 12
    }
  }
}