{
  "central": {
    "value": 64.19530405715885,
    "wacc": 0.13419999999999999
  },
  "cont": {
    "pair": {
      "z_star": 2000,
      "z_star_moved": null,
      "adequately_resolved": true,
      "final_recommendation": 5,
      "refinement_capped": false,
      "z_pct": 1000,
      "z_elbow": 2000,
      "decision_margin_pct": 74.10071272461126,
      "precision_bar": 0.6596359075716991,
      "sigma_estimate": 17.707702867748054,
      "center_mean": 65.88688974169212,
      "borderline": false,
      "batches_used": 40,
      "batches_recommended": 5,
      "scatter": [
        1.5559052921452092,
        1.0260371746612837,
        0.8958365883930244,
        0.5232010110104769,
        0.45387157423347346,
        0.3788817962021195,
        0.3069549602077379,
        0.2534828261305398,
        0.16846337030780786,
        0.17198622077020725
      ],
      "n_grid": [
        100,
        250,
        500,
        1000,
        1500,
        2000,
        3000,
        5000,
        7500,
        10000
      ]
    },
    "production": {
      "n": 2000,
      "mean": 65.9310346072118,
      "median": 63.797952734279235,
      "std": 17.872238045473303,
      "min": 28.292518508190486,
      "max": 158.30536388533667,
      "pct": {
        "5": 40.3704904042823,
        "10": 44.604074873789564,
        "25": 52.93360276498319,
        "50": 63.797952734279235,
        "75": 76.36663897705878,
        "90": 90.08291994169451,
        "95": 98.6337251243461
      }
    },
    "frac_negative_pct": 0.0,
    "histogram": "   28.29 | ### 25\n   34.79 | ############# 96\n   41.29 | ######################### 182\n   47.79 | #################################### 257\n   54.30 | ######################################## 290\n   60.80 | ########################################## 304\n   67.30 | ################################### 255\n   73.80 | ########################## 188\n   80.30 | ##################### 155\n   86.80 | ############# 94\n   93.30 | ######### 63\n   99.80 | ###### 40\n  106.30 | #### 28\n  112.80 | # 10\n  119.30 | # 6\n  125.80 |  3\n  132.30 |  1\n  138.80 |  1\n  145.30 |  1\n  151.80 |  1",
    "benchmark": {
      "z_star": 2000,
      "folk_n": 10000,
      "compute_ratio": 0.2,
      "mean_gap_pct": 0.09811459041106595,
      "z_mean": 65.9310346072118,
      "folk_mean": 65.86641004877397,
      "z_median": 63.797952734279235,
      "folk_median": 63.680439778459004
    },
    "secs": 36.68407320976257
  },
  "shock": {
    "pair": {
      "z_star": 1500,
      "z_star_moved": null,
      "adequately_resolved": true,
      "final_recommendation": 16,
      "refinement_capped": false,
      "z_pct": 1000,
      "z_elbow": 1500,
      "decision_margin_pct": 36.61513379425606,
      "precision_bar": 0.6248057013509347,
      "sigma_estimate": 18.498462569569636,
      "center_mean": 62.51777529484152,
      "borderline": false,
      "batches_used": 40,
      "batches_recommended": 16,
      "scatter": [
        1.7221633619086265,
        1.4536543690873711,
        0.7892527344498754,
        0.5760612005244304,
        0.45734735530245074,
        0.46554659410754196,
        0.3170993263396765,
        0.22926306258001264,
        0.17275062746167563,
        0.1868800928588629
      ],
      "n_grid": [
        100,
        250,
        500,
        1000,
        1500,
        2000,
        3000,
        5000,
        7500,
        10000
      ]
    },
    "production": {
      "n": 1500,
      "mean": 62.64934535564556,
      "median": 60.15742700209101,
      "std": 18.78548064017785,
      "min": 15.933469457594295,
      "max": 167.0095438204627,
      "pct": {
        "5": 35.28187295915763,
        "10": 41.00725058145179,
        "25": 49.81538655329039,
        "50": 60.15742700209101,
        "75": 74.06206907949843,
        "90": 86.6118364656267,
        "95": 95.47555601308868
      }
    },
    "frac_negative_pct": 0.0,
    "histogram": "   15.93 | # 8\n   23.49 | #### 29\n   31.04 | ########### 71\n   38.59 | ######################### 166\n   46.15 | ################################### 233\n   53.70 | ########################################## 281\n   61.26 | ################################ 215\n   68.81 | ########################## 173\n   76.36 | ##################### 140\n   83.92 | ############ 83\n   91.47 | ###### 42\n   99.03 | ### 21\n  106.58 | ### 17\n  114.13 | ## 11\n  121.69 | # 6\n  129.24 |  0\n  136.79 |  2\n  144.35 |  1\n  151.90 |  0\n  159.46 |  1",
    "shock_free_pct": 67.42,
    "fires_all": {
      "revenue": 448,
      "margin": 417,
      "funding": 436,
      "strategic": 415,
      "cash": 453
    },
    "fires_worst5": {
      "revenue": 125,
      "margin": 121,
      "funding": 30,
      "strategic": 38,
      "cash": 37
    },
    "mean_stress": 0.21639308081562023,
    "max_stress": 3.924363143998128,
    "total_fires": 2169,
    "market_grid": {
      "-5": 0.0,
      "-2": 0.0,
      "0": 0.0,
      "2": 0.0,
      "5": 0.0,
      "8": 0.0,
      "11": 0.0,
      "15": 0.0
    }
  },
  "seeds": {
    "42": {
      "cont_z": 2000,
      "cont_batches": 5,
      "cont_margin": 74.10071272461126,
      "cont_zpct": 1000,
      "shock_z": 1500,
      "shock_batches": 16,
      "shock_margin": 36.61513379425606,
      "shock_zpct": 1000
    },
    "99": {
      "cont_z": 1500,
      "cont_batches": 13,
      "cont_margin": 40.961267375652056,
      "cont_zpct": 500,
      "shock_z": 2000,
      "shock_batches": 7,
      "shock_margin": 62.751043349493784,
      "shock_zpct": 1500
    },
    "123": {
      "cont_z": 1500,
      "cont_batches": 4,
      "cont_margin": 84.83464743166097,
      "cont_zpct": 1000,
      "shock_z": 1500,
      "shock_batches": 12,
      "shock_margin": 44.67878701929886,
      "shock_zpct": 1500
    },
    "7": {
      "cont_z": 1000,
      "cont_batches": 55,
      "cont_margin": 19.379347143110763,
      "cont_zpct": 1000,
      "shock_z": 1500,
      "shock_batches": 6,
      "shock_margin": 67.53512556763741,
      "shock_zpct": 1000
    }
  }
}