{
  "central": {
    "value": 326.41244667432164,
    "wacc": 0.0915742
  },
  "cont": {
    "pair": {
      "z_star": 2000,
      "z_pct": 1000,
      "z_elbow": 2000,
      "decision_margin_pct": 148.15558485628776,
      "final_recommendation": 2,
      "center_mean": 319.0230962119642
    },
    "production": {
      "n": 2000,
      "mean": 317.2741911666448,
      "median": 309.04762705884224,
      "std": 80.41230416651848,
      "min": 109.95450391933393,
      "max": 754.1862613188098,
      "pct": {
        "5": 203.07370193662197,
        "10": 223.4619322827981,
        "25": 260.03801656287715,
        "50": 309.04762705884224,
        "75": 365.5768127894481,
        "90": 419.13285359336953,
        "95": 460.4782530114272
      }
    },
    "frac_negative_pct": 0.0,
    "histogram": "  109.95 |  3\n  142.17 | ### 28\n  174.38 | ########## 84\n  206.59 | ######################## 195\n  238.80 | #################################### 298\n  271.01 | ########################################## 343\n  303.22 | #################################### 294\n  335.44 | ################################# 272\n  367.65 | ######################### 203\n  399.86 | ############## 117\n  432.07 | ######### 70\n  464.28 | ##### 40\n  496.49 | ### 26\n  528.71 | ## 13\n  560.92 |  3\n  593.13 | # 5\n  625.34 |  1\n  657.55 |  1\n  689.76 |  2\n  721.97 |  2",
    "benchmark": {
      "z_star": 2000,
      "folk_n": 10000,
      "compute_ratio": 0.2,
      "mean_gap_pct": 0.3166557901691092,
      "z_median": 309.04762705884224,
      "folk_median": 310.0876363121753
    },
    "market_price": 450.0,
    "market_percentile": 93.95,
    "batches_used": 20,
    "secs": 22.455081462860107
  }
}